標題,網址
QS世界大學永續排名  臺師大名列全臺第三(另開新視窗),https://pr.ntnu.edu.tw/ntnunews/index.php?mode=data&id=21135
71級校友40重聚 重返校園回憶青春 (另開新視窗),https://pr.ntnu.edu.tw/ntnunews/index.php?mode=data&id=21128
傳承百年薈萃風華 舊制臺北高校100週年紀念論壇(另開新視窗),https://pr.ntnu.edu.tw/ntnunews/index.php?mode=data&id=21120
國際時尚碩班陳亞蘭校友 破天荒女性奪金鐘視帝(另開新視窗),https://pr.ntnu.edu.tw/ntnunews/index.php?mode=data&id=21121
教學實踐研究計畫經驗分享會 由「課程」出發的研究新視野(另開新視窗),https://pr.ntnu.edu.tw/ntnunews/index.php?mode=data&id=21144
文資保存、人才培育與地方創生 國社院江柏煒院長談金門經驗(另開新視窗),https://pr.ntnu.edu.tw/ntnunews/index.php?mode=data&id=21136
臺師大EMI領航教師社群 引領全校EMI教師專業發展(另開新視窗),https://pr.ntnu.edu.tw/ntnunews/index.php?mode=data&id=21138
國際人資所慶祝創所20年 舉辦第20屆國際研討會(另開新視窗),https://pr.ntnu.edu.tw/ntnunews/index.php?mode=data&id=21132
腦科學研究告訴你，運動對ADHD孩童的助益(另開新視窗),https://pr.ntnu.edu.tw/ntnunews/index.php?mode=data&id=21112
大腦如何降低聽覺的預期誤差(另開新視窗),https://pr.ntnu.edu.tw/ntnunews/index.php?mode=data&id=21097
 原來運動選手的大腦不一樣！(另開新視窗),https://pr.ntnu.edu.tw/ntnunews/index.php?mode=data&id=21087
啊哈！原來如此！頓悟產生的大腦運作機制(另開新視窗),https://pr.ntnu.edu.tw/ntnunews/index.php?mode=data&id=21085
國際技能競賽汽車技術類 工教系詹許堃奪金牌(另開新視窗),https://pr.ntnu.edu.tw/ntnunews/index.php?mode=data&id=21137
父子優秀表現獲肯定 百年校慶共享榮耀(另開新視窗),https://pr.ntnu.edu.tw/ntnunews/index.php?mode=data&id=21142
體育系王冠閎勇奪德國世界盃200蝶摘銅(另開新視窗),https://pr.ntnu.edu.tw/ntnunews/index.php?mode=data&id=21119
地科系學生團隊榮獲NASA黑客松臺北城市賽第三名 (另開新視窗),https://pr.ntnu.edu.tw/ntnunews/index.php?mode=data&id=21108
文學院跨文化英語講座 探索菲律賓歷史與生活(另開新視窗),https://pr.ntnu.edu.tw/ntnunews/index.php?mode=data&id=21145
"  “Knock, knock. Treat no trick.”	 文學院EMI萬聖節活動敲開交流的大門(另開新視窗)",https://pr.ntnu.edu.tw/ntnunews/index.php?mode=data&id=21146
校運會抽籤會議 公布出場順序與注意事項(另開新視窗),https://pr.ntnu.edu.tw/ntnunews/index.php?mode=data&id=21143
地科系最年輕女教授 李悅寧27歲拿法國博士 教育部拍攝女性科學家影片(另開新視窗),https://pr.ntnu.edu.tw/ntnunews/index.php?mode=data&id=21140
